time,34420a_volt,TMP117_room_temp
1733051241.564488,+5.33700000E-08,0.0
1733051246.8515298,+5.21100000E-08,0.0
1733051252.1373343,+5.50900000E-08,17.14
1733051257.4231756,+5.75200000E-08,17.15
1733051262.7088542,+5.70600000E-08,17.16
1733051267.994031,+5.73600000E-08,17.18
1733051273.2795424,+5.60900000E-08,17.2
1733051278.5653462,+5.68000000E-08,17.21
1733051283.850785,+5.12600000E-08,17.23
1733051289.1359627,+5.73400000E-08,17.23
1733051294.4217963,+5.70900000E-08,17.25
1733051299.7070782,+5.49900000E-08,17.27
1733051304.9928865,+5.74300000E-08,17.29
1733051310.2784865,+5.52400000E-08,17.3
1733051315.5640059,+5.53800000E-08,17.31
1733051320.849557,+5.57500000E-08,17.31
1733051326.135243,+5.60800000E-08,17.33
1733051331.4206743,+5.45500000E-08,17.34
1733051336.7062554,+5.37800000E-08,17.35
1733051341.9916701,+5.62300000E-08,17.37
1733051347.2772293,+5.36300000E-08,17.38
1733051352.562542,+5.39100000E-08,17.38
1733051357.8480995,+5.65900000E-08,17.41
1733051363.1335628,+5.39800000E-08,17.42
1733051368.4185953,+5.50400000E-08,17.43
1733051373.7039042,+5.06900000E-08,17.45
1733051378.9892123,+5.48300000E-08,17.45
1733051384.274268,+5.41300000E-08,17.47
1733051389.559701,+5.39100000E-08,17.47
1733051394.8455005,+5.16200000E-08,17.48
1733051400.131076,+5.29500000E-08,17.48
1733051405.4166343,+5.36400000E-08,17.48
1733051410.7021146,+5.56000000E-08,17.57
1733051415.9877577,+5.08300000E-08,17.58
1733051421.2731938,+5.33000000E-08,17.59
1733051426.5586724,+5.40800000E-08,17.6
1733051431.8443115,+5.45700000E-08,17.61
1733051437.1295278,+5.28500000E-08,17.63
1733051442.4150565,+5.47500000E-08,17.63
1733051447.7002478,+5.20200000E-08,17.65
1733051452.9856844,+5.27700000E-08,17.66
1733051458.2709894,+5.24800000E-08,17.67
1733051463.556487,+5.36400000E-08,17.69
1733051468.841495,+5.37400000E-08,17.7
1733051474.1266809,+5.50400000E-08,17.7
1733051479.4114885,+5.44000000E-08,17.7
1733051484.6966805,+5.42300000E-08,17.72
1733051489.9818704,+5.40000000E-08,17.73
1733051495.26731,+5.49400000E-08,17.74
1733051500.5528722,+4.95500000E-08,17.75
1733051505.8383126,+5.53400000E-08,17.77
1733051511.1236248,+5.49500000E-08,17.77
1733051516.408686,+5.40000000E-08,17.78
1733051521.6941397,+5.27200000E-08,17.79
1733051526.9793158,+5.58100000E-08,17.8
1733051532.2647572,+5.40600000E-08,17.81
1733051537.549819,+5.32000000E-08,17.82
1733051542.8350089,+5.43800000E-08,17.82
1733051548.1199462,+5.12600000E-08,17.82
1733051553.4051518,+5.41000000E-08,17.84
1733051558.690201,+5.10900000E-08,17.84
1733051563.9753914,+5.33500000E-08,17.84
1733051569.2607899,+5.27500000E-08,17.84
1733051574.5463953,+5.17500000E-08,17.91
1733051579.8317044,+5.19200000E-08,17.94
1733051585.1164734,+5.41500000E-08,17.94
1733051590.4017045,+5.59300000E-08,17.95
1733051595.6866565,+5.35400000E-08,17.96
1733051600.9715965,+5.25400000E-08,17.98
1733051606.2569146,+5.51300000E-08,17.98
1733051611.542277,+5.52900000E-08,17.99
1733051616.8274212,+5.67600000E-08,18.0
1733051622.1124914,+5.41000000E-08,18.02
1733051627.39743,+5.37800000E-08,18.02
1733051632.682499,+5.42000000E-08,18.04
1733051637.9678147,+5.44200000E-08,18.04
1733051643.2526345,+5.29400000E-08,18.05
1733051648.5376987,+5.62500000E-08,18.06
1733051653.8227673,+5.64800000E-08,18.06
1733051659.1079621,+5.46300000E-08,18.08
1733051664.3925235,+5.56700000E-08,18.09
1733051669.6774967,+5.47200000E-08,18.09
1733051674.9624155,+5.20300000E-08,18.1
1733051680.2471032,+5.33100000E-08,18.12
1733051685.5319521,+5.36000000E-08,18.13
1733051690.8172345,+5.27700000E-08,18.13
1733051696.1029272,+5.25100000E-08,18.13
1733051701.3885067,+5.40300000E-08,18.14
1733051706.6740687,+5.48200000E-08,18.15
1733051711.959147,+5.26400000E-08,18.15
1733051717.2445583,+5.36500000E-08,18.16
1733051722.5300338,+5.31100000E-08,18.16
1733051727.814843,+5.39500000E-08,18.16
1733051733.1001663,+5.49200000E-08,18.16
1733051738.3853521,+5.29900000E-08,18.21
1733051743.6712947,+5.24400000E-08,18.22
1733051748.9572399,+5.23100000E-08,18.22
1733051754.2433143,+5.31100000E-08,18.22
1733051759.528751,+5.15800000E-08,18.23
1733051764.814446,+5.53800000E-08,18.24
1733051770.1000261,+5.20300000E-08,18.24
1733051775.3862402,+5.66100000E-08,18.25
1733051780.6723812,+5.41100000E-08,18.25
1733051785.9589732,+5.59800000E-08,18.26
1733051791.245429,+5.43000000E-08,18.26
1733051796.532113,+5.16900000E-08,18.27
1733051801.818559,+5.39000000E-08,18.27
1733051807.1048784,+5.66300000E-08,18.27
1733051812.3913004,+5.38700000E-08,18.28
1733051817.6777484,+5.36200000E-08,18.28
1733051822.9647377,+5.28500000E-08,18.29
1733051828.2516856,+5.40800000E-08,18.29
1733051833.5382493,+5.31700000E-08,18.3
1733051838.8246942,+5.25000000E-08,18.3
1733051844.111261,+5.26000000E-08,18.31
1733051849.3979607,+5.41400000E-08,18.32
1733051854.6846545,+5.21700000E-08,18.33
1733051859.9712245,+5.42700000E-08,18.34
1733051865.2576613,+5.43100000E-08,18.34
1733051870.5441031,+5.26500000E-08,18.35
1733051875.8308015,+5.47900000E-08,18.36
1733051881.1173706,+5.56000000E-08,18.36
1733051886.4039457,+5.00300000E-08,18.36
1733051891.6907701,+5.46600000E-08,18.36
1733051896.977348,+5.36400000E-08,18.36
1733051902.264037,+5.23900000E-08,18.41
1733051907.550357,+5.61400000E-08,18.41
1733051912.837182,+5.44400000E-08,18.41
1733051918.1239216,+5.25000000E-08,18.43
1733051923.4106202,+5.43900000E-08,18.44
1733051928.696906,+5.23700000E-08,18.44
1733051933.9833457,+5.38200000E-08,18.45
1733051939.2698665,+5.57700000E-08,18.46
1733051944.55599,+5.59200000E-08,18.46
1733051949.8424811,+5.38500000E-08,18.46
1733051955.1286333,+5.41700000E-08,18.47
1733051960.4153273,+5.31000000E-08,18.48
1733051965.7017922,+5.63600000E-08,18.48
1733051970.9884806,+5.56200000E-08,18.48
1733051976.2747993,+5.49800000E-08,18.48
1733051981.561245,+5.35100000E-08,18.49
1733051986.8478243,+5.37900000E-08,18.49
1733051992.13444,+5.52900000E-08,18.5
1733051997.4212177,+5.34800000E-08,18.51
1733052002.7077935,+5.14500000E-08,18.52
1733052007.9944882,+5.43100000E-08,18.52
1733052013.2813268,+5.50300000E-08,18.52
1733052018.5676365,+5.23500000E-08,18.52
1733052023.8542216,+5.43500000E-08,18.52
1733052029.1409087,+5.26800000E-08,18.53
1733052034.4269798,+5.31400000E-08,18.53
1733052039.7128057,+5.33900000E-08,18.53
1733052044.9980288,+5.01800000E-08,18.53
1733052050.2830837,+5.17000000E-08,18.54
1733052055.5679014,+5.14600000E-08,18.54
1733052060.8527212,+5.48100000E-08,18.54
1733052066.1379502,+5.42900000E-08,18.58
1733052071.4224977,+5.37000000E-08,18.58
1733052076.7073216,+5.05000000E-08,18.59
1733052081.992272,+5.41600000E-08,18.58
1733052087.2772198,+5.15100000E-08,18.59
1733052092.5620205,+5.44000000E-08,18.59
1733052097.8469932,+5.44400000E-08,18.59
1733052103.131565,+5.21200000E-08,18.6
1733052108.4165282,+5.52500000E-08,18.6
1733052113.7013414,+5.33500000E-08,18.6
1733052118.9861112,+5.38100000E-08,18.61
1733052124.2710013,+5.52500000E-08,18.62
1733052129.5555613,+5.40500000E-08,18.62
1733052134.8403943,+5.46500000E-08,18.62
1733052140.1250336,+5.40200000E-08,18.63
1733052145.4097977,+5.28600000E-08,18.63
1733052150.695109,+5.48600000E-08,18.63
1733052155.9808097,+5.61700000E-08,18.63
1733052161.2667594,+5.66600000E-08,18.64
1733052166.5523462,+5.22200000E-08,18.65
1733052171.837535,+5.42400000E-08,18.65
1733052177.1231241,+5.17700000E-08,18.65
1733052182.409202,+5.35500000E-08,18.66
1733052187.6942716,+5.55100000E-08,18.66
1733052192.978974,+5.29800000E-08,18.66
1733052198.2638001,+5.63000000E-08,18.67
1733052203.548498,+5.40800000E-08,18.67
1733052208.8331969,+5.15900000E-08,18.67
1733052214.1180227,+5.09300000E-08,18.67
1733052219.402851,+5.50000000E-08,18.67
1733052224.6876705,+5.39400000E-08,18.67
1733052229.9728725,+5.35600000E-08,18.7
1733052235.2578208,+5.32000000E-08,18.7
1733052240.5427678,+5.52300000E-08,18.7
1733052245.8277233,+5.21700000E-08,18.71
1733052251.113176,+5.65200000E-08,18.71
1733052256.3980162,+5.34900000E-08,18.72
1733052261.6829524,+5.19400000E-08,18.72
1733052266.967774,+5.23600000E-08,18.73
1733052272.2529736,+5.22700000E-08,18.73
1733052277.5385914,+5.60500000E-08,18.73
1733052282.823627,+5.26100000E-08,18.75
1733052288.1088226,+5.28500000E-08,18.75
1733052293.393644,+5.38900000E-08,18.75
1733052298.6786969,+5.59700000E-08,18.76
1733052303.9636755,+5.33800000E-08,18.76
1733052309.2486243,+5.11800000E-08,18.76
1733052314.5339108,+5.21700000E-08,18.77
1733052319.8189077,+5.43600000E-08,18.77
1733052325.10398,+5.10300000E-08,18.77
1733052330.38905,+5.64100000E-08,18.77
1733052335.6744206,+5.34400000E-08,18.78
1733052340.959583,+5.54900000E-08,18.78
1733052346.2446587,+5.28000000E-08,18.78
1733052351.52987,+5.05300000E-08,18.79
1733052356.8150575,+5.45800000E-08,18.8
1733052362.1000147,+5.51700000E-08,18.8
1733052367.3850155,+5.33100000E-08,18.8
1733052372.6703508,+5.21900000E-08,18.8
1733052377.9551215,+5.33200000E-08,18.8
1733052383.2403224,+5.35800000E-08,18.8
1733052388.5253947,+5.39500000E-08,18.8
1733052393.810722,+5.57700000E-08,18.84
1733052399.095803,+5.41300000E-08,18.84
1733052404.3811314,+5.35500000E-08,18.84
1733052409.6662023,+5.72700000E-08,18.84
1733052414.951833,+5.16700000E-08,18.85
1733052420.237232,+5.30900000E-08,18.85
1733052425.5226812,+5.17600000E-08,18.85
1733052430.8077598,+5.12000000E-08,18.86
1733052436.0933363,+5.46900000E-08,18.86
1733052441.3785357,+5.63500000E-08,18.87
1733052446.66374,+5.26500000E-08,18.87
1733052451.949189,+5.40700000E-08,18.88
1733052457.2343895,+5.33900000E-08,18.88
1733052462.5196702,+5.57000000E-08,18.88
1733052467.805172,+5.34800000E-08,18.88
1733052473.0906322,+5.46600000E-08,18.88
1733052478.3759573,+5.31900000E-08,18.88
1733052483.6612864,+5.39300000E-08,18.88
1733052488.9468603,+5.14300000E-08,18.88
1733052494.232194,+5.47400000E-08,18.88
1733052499.5176508,+5.46100000E-08,18.89
1733052504.8025901,+5.46400000E-08,18.89
1733052510.0877926,+5.55600000E-08,18.89
1733052515.3731208,+5.35600000E-08,18.89
1733052520.6585767,+5.32200000E-08,18.89
1733052525.9441547,+5.46400000E-08,18.89
1733052531.2296772,+5.29700000E-08,18.9
1733052536.5150523,+5.34800000E-08,18.9
1733052541.800385,+5.24400000E-08,18.9
1733052547.086134,+5.61900000E-08,18.9
1733052552.3715405,+5.55700000E-08,18.9
1733052557.656867,+5.22900000E-08,18.92
1733052562.9424443,+5.63200000E-08,18.92
1733052568.2280207,+5.40500000E-08,18.92
1733052573.5136561,+5.37300000E-08,18.92
1733052578.7995543,+5.53900000E-08,18.92
1733052584.0846994,+5.30100000E-08,18.93
1733052589.3701985,+5.23700000E-08,18.94
1733052594.6552844,+5.32700000E-08,18.94
1733052599.9408598,+5.44600000E-08,18.94
1733052605.2260628,+5.28000000E-08,18.95
1733052610.511275,+5.41400000E-08,18.95
1733052615.7963493,+5.51100000E-08,18.95
1733052621.0818,+5.16900000E-08,18.95
1733052626.3667502,+5.35800000E-08,18.95
1733052631.6518307,+5.23000000E-08,18.95
1733052636.9372823,+5.37100000E-08,18.95
1733052642.2226105,+5.23000000E-08,18.96
1733052647.5078192,+5.54100000E-08,18.95
1733052652.7928944,+5.15400000E-08,18.96
1733052658.0782235,+5.29600000E-08,18.98
1733052663.3633068,+5.30700000E-08,18.97
1733052668.6487625,+5.49900000E-08,18.97
1733052673.9337242,+5.27100000E-08,18.98
1733052679.218917,+5.47900000E-08,18.98
1733052684.5042458,+5.29400000E-08,18.98
1733052689.7895918,+5.07700000E-08,18.98
1733052695.0745327,+5.12900000E-08,18.98
1733052700.3598588,+5.54700000E-08,18.98
1733052705.6451797,+5.37800000E-08,18.98
1733052710.9305162,+5.24600000E-08,18.98
1733052716.2159574,+5.55900000E-08,18.98
1733052721.5012949,+5.69200000E-08,19.0
1733052726.7864969,+5.20400000E-08,19.0
1733052732.0722027,+5.05300000E-08,18.99
1733052737.357639,+5.34000000E-08,19.0
1733052742.6431077,+5.41600000E-08,19.0
1733052747.928305,+5.16000000E-08,19.0
1733052753.2138963,+5.46300000E-08,19.0
1733052758.4992163,+5.51400000E-08,19.0
1733052763.7849216,+5.33800000E-08,19.0
1733052769.0705009,+5.53100000E-08,19.01
1733052774.3557043,+5.38800000E-08,19.01
1733052779.6412776,+5.13500000E-08,19.02
1733052784.927113,+5.61500000E-08,19.02
1733052790.2123222,+5.34900000E-08,19.02
1733052795.4977875,+5.26200000E-08,19.02
1733052800.7831,+5.16800000E-08,19.02
1733052806.068405,+5.30300000E-08,19.02
1733052811.3539612,+5.36000000E-08,19.02
1733052816.639461,+5.61300000E-08,19.02
1733052821.92464,+5.24500000E-08,19.03
1733052827.2099898,+5.44000000E-08,19.03
1733052832.495319,+5.26500000E-08,19.03
1733052837.7805247,+5.61300000E-08,19.03
1733052843.0658703,+5.30500000E-08,19.04
1733052848.3510604,+5.42700000E-08,19.03
1733052853.636267,+5.22100000E-08,19.04
1733052858.9217417,+5.04900000E-08,19.04
1733052864.20705,+5.29300000E-08,19.05
1733052869.4921315,+5.44000000E-08,19.05
1733052874.7772105,+5.39400000E-08,19.05
1733052880.0625436,+5.01700000E-08,19.05
1733052885.3478663,+4.99300000E-08,19.05
1733052890.632943,+5.30200000E-08,19.05
1733052895.918272,+5.18700000E-08,19.05
1733052901.203729,+5.31800000E-08,19.05
1733052906.4893062,+5.38900000E-08,19.05
1733052911.7747605,+5.36100000E-08,19.05
1733052917.059964,+5.44500000E-08,19.05
1733052922.3455467,+5.33700000E-08,19.05
1733052927.630878,+5.56200000E-08,19.05
1733052932.9162052,+5.38000000E-08,19.05
1733052938.2016623,+5.16000000E-08,19.05
1733052943.4869883,+5.08300000E-08,19.05
1733052948.7725673,+5.14200000E-08,19.05
1733052954.0580697,+5.25400000E-08,19.06
1733052959.3434775,+4.94300000E-08,19.06
1733052964.628932,+5.24400000E-08,19.06
1733052969.9143865,+5.08500000E-08,19.06
1733052975.2000968,+4.65700000E-08,19.06
1733052980.485846,+5.24800000E-08,19.07
1733052985.771499,+5.33000000E-08,19.08
1733052991.0573237,+5.44500000E-08,19.07
1733052996.3428948,+5.31100000E-08,19.08
1733053001.628592,+5.10700000E-08,19.08
1733053006.9144168,+5.36400000E-08,19.08
1733053012.2004945,+5.19300000E-08,19.08
1733053017.4861887,+5.53800000E-08,19.08
1733053022.7715175,+5.36900000E-08,19.08
1733053028.0564659,+5.22500000E-08,19.09
1733053033.3416328,+5.60700000E-08,19.08
1733053038.626612,+5.34900000E-08,19.08
1733053043.911682,+5.33700000E-08,19.08
1733053049.1967583,+5.32700000E-08,19.09
1733053054.4818444,+5.21000000E-08,19.09
1733053059.767416,+5.19100000E-08,19.09
1733053065.0529897,+5.29500000E-08,19.09
1733053070.338436,+5.44400000E-08,19.09
1733053075.6235056,+5.24500000E-08,19.09
1733053080.9089508,+5.26700000E-08,19.1
1733053086.1944067,+5.32900000E-08,19.09
1733053091.4798548,+5.38200000E-08,19.1
1733053096.7655551,+5.17200000E-08,19.1
1733053102.0507524,+5.27300000E-08,19.1
1733053107.3358269,+5.41100000E-08,19.1
1733053112.621087,+5.09000000E-08,19.11
1733053117.906347,+5.29900000E-08,19.11
1733053123.1915517,+5.28500000E-08,19.11
1733053128.4768736,+5.56000000E-08,19.11
1733053133.762329,+5.70200000E-08,19.11
1733053139.0477753,+5.33400000E-08,19.11
1733053144.333098,+5.45200000E-08,19.11
1733053149.6182988,+5.32200000E-08,19.11
1733053154.9038732,+5.50800000E-08,19.12
1733053160.1894727,+5.18900000E-08,19.12
1733053165.4750242,+5.29800000E-08,19.11
1733053170.7606,+5.50300000E-08,19.11
1733053176.0460422,+5.27100000E-08,19.11
1733053181.331497,+5.51600000E-08,19.12
1733053186.6169477,+5.57300000E-08,19.11
1733053191.9024184,+5.57600000E-08,19.11
1733053197.1879752,+5.20100000E-08,19.12
1733053202.4734302,+5.10900000E-08,19.12
1733053207.7592506,+5.22300000E-08,19.12
1733053213.0450776,+4.92300000E-08,19.12
1733053218.3309033,+5.08100000E-08,19.12
1733053223.6164825,+5.26700000E-08,19.13
1733053228.9019265,+5.27700000E-08,19.12
1733053234.1870043,+5.18400000E-08,19.12
1733053239.4725804,+5.18400000E-08,19.13
1733053244.7577991,+5.09400000E-08,19.12
1733053250.0432336,+5.31300000E-08,19.12
1733053255.3288064,+5.15500000E-08,19.13
1733053260.6142578,+5.48200000E-08,19.13
1733053265.8998322,+5.30500000E-08,19.13
1733053271.185416,+5.66500000E-08,19.13
1733053276.470737,+4.96700000E-08,19.13
1733053281.7563107,+5.35300000E-08,19.13
1733053287.0419319,+5.23700000E-08,19.13
1733053292.3273387,+5.33000000E-08,19.13
1733053297.61304,+5.41000000E-08,19.13
1733053302.8986154,+5.37100000E-08,19.13
1733053308.184443,+5.39500000E-08,19.13
1733053313.4700665,+5.35500000E-08,19.13
1733053318.7555988,+5.28500000E-08,19.13
1733053324.0411737,+5.36300000E-08,19.13
1733053329.326878,+5.25600000E-08,19.14
1733053334.6125822,+5.33100000E-08,19.14
1733053339.898158,+5.53100000E-08,19.14
1733053345.1839583,+4.92500000E-08,19.14
1733053350.4698188,+5.17600000E-08,19.14
1733053355.7554872,+5.33700000E-08,19.15
1733053361.0409656,+5.67700000E-08,19.14
1733053366.3265154,+5.38000000E-08,19.14
1733053371.6121151,+5.50000000E-08,19.14
1733053376.897788,+5.30600000E-08,19.15
1733053382.1830142,+5.27200000E-08,19.15
1733053387.4685915,+5.48400000E-08,19.15
1733053392.7541702,+5.72000000E-08,19.16
1733053398.03937,+5.39400000E-08,19.15
1733053403.324933,+5.73300000E-08,19.16
1733053408.610402,+5.29800000E-08,19.16
1733053413.896084,+5.49600000E-08,19.15
1733053419.1818097,+5.30300000E-08,19.16
1733053424.4675102,+5.32400000E-08,19.16
1733053429.7529423,+5.39400000E-08,19.16
1733053435.0387988,+5.19600000E-08,19.16
1733053440.324367,+5.20200000E-08,19.16
1733053445.61032,+5.31100000E-08,19.16
1733053450.896032,+5.31200000E-08,19.16
1733053456.182008,+5.20300000E-08,19.17
1733053461.4675512,+5.21800000E-08,19.16
1733053466.753506,+5.28200000E-08,19.17
1733053472.0387037,+5.64400000E-08,19.17
1733053477.3245094,+5.44600000E-08,19.16
1733053482.6102438,+5.28900000E-08,19.17
1733053487.896574,+5.50000000E-08,19.17
1733053493.1821449,+5.75700000E-08,19.17
1733053498.4680932,+5.18000000E-08,19.17
1733053503.7540483,+5.48100000E-08,19.17
1733053509.04,+4.77800000E-08,19.18
1733053514.326013,+5.42900000E-08,19.18
1733053519.6121511,+5.61000000E-08,19.18
1733053524.897983,+5.34600000E-08,19.18
1733053530.1830704,+5.23400000E-08,19.18
1733053535.4682662,+5.35800000E-08,19.18
1733053540.7534888,+5.37900000E-08,19.18
1733053546.0387924,+5.34900000E-08,19.18
1733053551.3242505,+5.50100000E-08,19.18
1733053556.609578,+5.56200000E-08,19.19
1733053561.894905,+5.27100000E-08,19.19
1733053567.1799767,+5.32900000E-08,19.19
1733053572.465565,+5.53400000E-08,19.19
1733053577.75101,+5.46200000E-08,19.2
1733053583.036335,+5.02700000E-08,19.2
1733053588.321793,+5.42200000E-08,19.2
1733053593.6072457,+5.28100000E-08,19.2
1733053598.8926964,+5.40700000E-08,19.2
1733053604.1782787,+5.30200000E-08,19.2
1733053609.4634795,+5.53000000E-08,19.2
1733053614.7489345,+5.49800000E-08,19.2
1733053620.0341954,+5.30100000E-08,19.2
1733053625.3195894,+5.49400000E-08,19.2
1733053630.6050391,+5.54200000E-08,19.2
1733053635.8905146,+5.68900000E-08,19.2
1733053641.1755688,+5.48400000E-08,19.2
1733053646.4610212,+5.31500000E-08,19.2
1733053651.7463508,+5.39500000E-08,19.21
1733053657.031351,+5.27900000E-08,19.22
1733053662.3163803,+5.47400000E-08,19.21
1733053667.601768,+5.46300000E-08,19.21
1733053672.8871083,+5.37300000E-08,19.21
1733053678.1724906,+5.34300000E-08,19.22
1733053683.4582028,+5.38700000E-08,19.22
1733053688.7437842,+5.17500000E-08,19.21
1733053694.0292373,+5.29600000E-08,19.21
1733053699.3145597,+5.09000000E-08,19.21
1733053704.6005132,+5.08800000E-08,19.22
1733053709.885839,+5.27700000E-08,19.23
1733053715.1715448,+5.38900000E-08,19.23
1733053720.4569979,+5.45000000E-08,19.23
1733053725.7425773,+5.50700000E-08,19.23
1733053731.0280342,+5.51400000E-08,19.23
1733053736.3133585,+5.40600000E-08,19.23
1733053741.5990615,+5.30700000E-08,19.23
1733053746.8846397,+5.31700000E-08,19.23
1733053752.1702452,+5.21000000E-08,19.23
1733053757.4559245,+5.58100000E-08,19.23
1733053762.7418847,+5.34500000E-08,19.23
1733053768.0272012,+5.36200000E-08,19.23
1733053773.31291,+5.45800000E-08,19.23
1733053778.5983431,+5.59800000E-08,19.24
1733053783.8840485,+5.24200000E-08,19.24
1733053789.1697948,+5.26900000E-08,19.24
1733053794.4557068,+5.29500000E-08,19.25
1733053799.7410698,+5.42100000E-08,19.25
1733053805.0261166,+5.55400000E-08,19.25
1733053810.3111973,+5.34900000E-08,19.24
1733053815.5965264,+5.30100000E-08,19.25
1733053820.881639,+5.42400000E-08,19.25
1733053826.1668298,+5.47900000E-08,19.25
1733053831.4517531,+5.48200000E-08,19.25
1733053836.7372372,+5.37600000E-08,19.26
1733053842.0225646,+5.09100000E-08,19.26
1733053847.3080184,+5.38700000E-08,19.26
1733053852.593224,+5.47800000E-08,19.26
1733053857.8786898,+5.42700000E-08,19.26
1733053863.1639838,+5.40200000E-08,19.26
1733053868.4494355,+5.48300000E-08,19.27
1733053873.7351692,+5.51200000E-08,19.27
1733053879.0205057,+5.47000000E-08,19.27
1733053884.306176,+5.33100000E-08,19.27
1733053889.592007,+5.18500000E-08,19.27
1733053894.8775194,+5.59700000E-08,19.27
1733053900.1632922,+5.18000000E-08,19.27
1733053905.448745,+5.56700000E-08,19.27
1733053910.7343204,+5.28700000E-08,19.27
1733053916.0199263,+5.67600000E-08,19.28
1733053921.3056479,+5.39900000E-08,19.28
1733053926.5910566,+5.41900000E-08,19.29
1733053931.8770146,+5.37200000E-08,19.29
1733053937.162466,+5.52400000E-08,19.29
1733053942.448175,+5.39600000E-08,19.29
1733053947.733528,+5.47300000E-08,19.29
1733053953.0192306,+5.49100000E-08,19.3
1733053958.3045695,+5.44500000E-08,19.29
1733053963.5901396,+5.50700000E-08,19.29
1733053968.8754416,+5.57100000E-08,19.3
1733053974.1611726,+5.46400000E-08,19.3
1733053979.4467313,+5.40700000E-08,19.3
1733053984.7325845,+5.34300000E-08,19.3
1733053990.0183878,+5.19100000E-08,19.3
1733053995.3041162,+5.14100000E-08,19.3
1733054000.589444,+5.38000000E-08,19.31
1733054005.875025,+5.25000000E-08,19.31
1733054011.160726,+5.51700000E-08,19.3
1733054016.4463065,+5.44200000E-08,19.31
1733054021.7318904,+5.42400000E-08,19.31
1733054027.017725,+5.20900000E-08,19.31
1733054032.303422,+5.38100000E-08,19.33
1733054037.5893784,+5.41000000E-08,19.32
1733054042.8752077,+5.38800000E-08,19.33
1733054048.16091,+5.37900000E-08,19.32
1733054053.4467466,+5.50000000E-08,19.33
1733054058.7325716,+5.49100000E-08,19.33
1733054064.0185254,+5.27300000E-08,19.33
1733054069.304356,+5.46400000E-08,19.33
1733054074.5900614,+5.69500000E-08,19.34
1733054079.8761432,+5.44000000E-08,19.34
1733054085.1618433,+5.38100000E-08,19.34
1733054090.4481752,+5.21000000E-08,19.34
1733054095.7339044,+5.28200000E-08,19.34
1733054101.019464,+5.36600000E-08,19.34
1733054106.304784,+5.60600000E-08,19.34
1733054111.5900943,+5.47600000E-08,19.34
1733054116.875201,+5.20900000E-08,19.34
1733054122.1603441,+5.22800000E-08,19.34
1733054127.4459884,+5.49200000E-08,19.34
1733054132.7314425,+5.26000000E-08,19.34
1733054138.0170197,+5.23600000E-08,19.34
1733054143.302222,+5.26000000E-08,19.34
1733054148.5878043,+5.49700000E-08,19.35
1733054153.873132,+5.35200000E-08,19.34
1733054159.1587121,+5.24100000E-08,19.35
1733054164.444297,+5.16900000E-08,19.34
1733054169.730377,+5.18800000E-08,19.34
1733054175.0157046,+5.08400000E-08,19.34
1733054180.3014088,+5.31800000E-08,19.35
1733054185.5868685,+5.25900000E-08,19.35
1733054190.8725078,+5.31400000E-08,19.35
1733054196.1582725,+5.20100000E-08,19.35
1733054201.4439807,+5.07600000E-08,19.35
1733054206.7295694,+5.45400000E-08,19.35
1733054212.0151408,+5.25300000E-08,19.35
1733054217.3005261,+5.15100000E-08,19.35
1733054222.5859249,+5.32100000E-08,19.35
1733054227.871132,+5.10800000E-08,19.35
1733054233.1567137,+5.56200000E-08,19.35
1733054238.4422908,+5.34600000E-08,19.35
1733054243.7277465,+5.37400000E-08,19.35
1733054249.0135727,+5.52300000E-08,19.35
1733054254.2992756,+5.25400000E-08,19.35
1733054259.5848622,+5.27900000E-08,19.36
1733054264.870441,+5.47200000E-08,19.36
1733054270.1561584,+5.57300000E-08,19.35
1733054275.4416025,+5.43300000E-08,19.35
1733054280.7275577,+5.33900000E-08,19.36
1733054286.0131383,+5.65000000E-08,19.36
1733054291.2989829,+5.54800000E-08,19.36
1733054296.584674,+5.27700000E-08,19.36
1733054301.870353,+5.38500000E-08,19.36
1733054307.15597,+5.52400000E-08,19.36
1733054312.4416645,+5.30600000E-08,19.36
1733054317.7274923,+5.60500000E-08,19.36
1733054323.0128253,+5.35400000E-08,19.36
1733054328.298164,+5.16400000E-08,19.36
1733054333.5833619,+5.03200000E-08,19.36
1733054338.8688161,+5.29900000E-08,19.36
1733054344.1543746,+5.29900000E-08,19.37
1733054349.4401174,+5.24700000E-08,19.37
1733054354.7258122,+5.40600000E-08,19.37
1733054360.0114899,+5.38500000E-08,19.37
1733054365.2971041,+5.44800000E-08,19.37
1733054370.5829253,+5.29000000E-08,19.38
1733054375.8687334,+5.10100000E-08,19.38
1733054381.1542115,+5.45700000E-08,19.38
1733054386.439799,+5.26000000E-08,19.38
1733054391.7256207,+5.15800000E-08,19.38
1733054397.0115767,+5.52200000E-08,19.38
1733054402.2975612,+5.40000000E-08,19.38
1733054407.5836074,+5.54300000E-08,19.38
1733054412.8696935,+5.21600000E-08,19.38
1733054418.155639,+5.37300000E-08,19.38
1733054423.441346,+5.40500000E-08,19.38
1733054428.7269237,+5.45800000E-08,19.38
1733054434.0126367,+5.30400000E-08,19.38
1733054439.298205,+5.16900000E-08,19.38
1733054444.5837946,+5.38200000E-08,19.38
1733054449.8698666,+5.21400000E-08,19.38
1733054455.15545,+5.42700000E-08,19.38
1733054460.441284,+5.37100000E-08,19.38
1733054465.7271235,+5.09400000E-08,19.38
1733054471.012951,+5.32400000E-08,19.38
1733054476.2984047,+5.46600000E-08,19.38
1733054481.5842357,+5.61100000E-08,19.38
1733054486.869997,+5.12400000E-08,19.39
1733054492.1560168,+5.18600000E-08,19.38
1733054497.4417493,+5.35800000E-08,19.39
1733054502.727551,+5.61400000E-08,19.39
1733054508.0131378,+5.44700000E-08,19.38
1733054513.2989655,+5.21100000E-08,19.38
1733054518.584918,+5.31300000E-08,19.38
1733054523.8708787,+5.46400000E-08,19.39
1733054529.1569612,+5.45400000E-08,19.39
1733054534.443166,+5.30200000E-08,19.4
1733054539.728996,+5.38800000E-08,19.4
1733054545.0149505,+5.32000000E-08,19.4
1733054550.3009045,+5.29000000E-08,19.41
1733054555.5866127,+5.44900000E-08,19.4
1733054560.8726952,+5.30600000E-08,19.41
1733054566.1583934,+5.71200000E-08,19.41
1733054571.4443536,+5.54700000E-08,19.4
1733054576.729811,+5.33500000E-08,19.41
1733054582.0155146,+5.43100000E-08,19.41
1733054587.301094,+5.49000000E-08,19.41
1733054592.5868042,+5.58900000E-08,19.41
1733054597.8725038,+5.53400000E-08,19.41
1733054603.1582131,+5.64100000E-08,19.41
1733054608.4440417,+5.46400000E-08,19.41
1733054613.7298794,+5.36200000E-08,19.41
1733054619.0157044,+5.37100000E-08,19.41
1733054624.3014095,+5.70000000E-08,19.41
1733054629.5873644,+5.49200000E-08,19.42
1733054634.873324,+5.31500000E-08,19.42
1733054640.1592824,+5.43700000E-08,19.42
1733054645.445232,+5.49500000E-08,19.42
1733054650.7309139,+5.81600000E-08,19.42
1733054656.0170279,+5.69500000E-08,19.43
1733054661.302974,+5.30200000E-08,19.43
1733054666.5886834,+5.66900000E-08,19.43
1733054671.8748908,+5.24100000E-08,19.42
1733054677.1608508,+5.50100000E-08,19.42
1733054682.4466758,+5.35500000E-08,19.42
1733054687.7327564,+5.68200000E-08,19.44
1733054693.0187109,+5.39400000E-08,19.44
1733054698.3045378,+5.21200000E-08,19.44
1733054703.590751,+5.14900000E-08,19.44
1733054708.8767037,+5.42700000E-08,19.44
1733054714.162789,+5.23600000E-08,19.44
1733054719.4487417,+5.31000000E-08,19.44
1733054724.734949,+5.56600000E-08,19.45
1733054730.0211492,+5.30100000E-08,19.44
1733054735.3074849,+5.39900000E-08,19.44
1733054740.5937,+5.43600000E-08,19.45
1733054745.8799033,+5.39000000E-08,19.44
1733054751.1653552,+5.69800000E-08,19.44
1733054756.450935,+5.56000000E-08,19.45
1733054761.7362654,+5.59800000E-08,19.45
1733054767.0212214,+5.54000000E-08,19.44
1733054772.3064866,+5.75000000E-08,19.45
1733054777.5916328,+5.51800000E-08,19.45
1733054782.8774905,+5.47100000E-08,19.45
1733054788.1626682,+5.54900000E-08,19.45
1733054793.4477494,+5.75800000E-08,19.45
1733054798.7328322,+5.39500000E-08,19.45
1733054804.0180793,+5.40300000E-08,19.45
1733054809.3031168,+5.55100000E-08,19.45
1733054814.5884507,+5.59700000E-08,19.45
1733054819.8735597,+5.44800000E-08,19.45
1733054825.1586118,+5.56300000E-08,19.45
1733054830.4436908,+5.56200000E-08,19.45
1733054835.7288976,+5.24500000E-08,19.45
1733054841.0142746,+5.39700000E-08,19.45
1733054846.2994332,+5.45200000E-08,19.45
1733054851.5846372,+5.38600000E-08,19.46
1733054856.8700814,+5.10300000E-08,19.46
1733054862.155301,+5.15700000E-08,19.46
1733054867.4410107,+5.49900000E-08,19.46
1733054872.726079,+5.56700000E-08,19.46
1733054878.0112927,+5.35100000E-08,19.46
1733054883.2965004,+5.45300000E-08,19.47
1733054888.581958,+5.52500000E-08,19.47
1733054893.8670394,+5.50100000E-08,19.47
1733054899.1522455,+5.57300000E-08,19.47
1733054904.4374793,+5.35800000E-08,19.47
1733054909.7227757,+5.49700000E-08,19.47
1733054915.0081062,+5.39600000E-08,19.47
1733054920.293563,+5.41900000E-08,19.47
1733054925.5788956,+5.48000000E-08,19.47
1733054930.8646011,+5.18200000E-08,19.47
1733054936.149945,+5.23700000E-08,19.48
1733054941.4352632,+5.25200000E-08,19.48
1733054946.720593,+5.31800000E-08,19.48
1733054952.0058112,+5.41000000E-08,19.48
1733054957.291004,+5.38600000E-08,19.48
1733054962.576599,+5.29900000E-08,19.48
1733054967.8620188,+5.38200000E-08,19.48
1733054973.1473851,+5.46900000E-08,19.48
1733054978.4332013,+5.38100000E-08,19.48
1733054983.718409,+5.65500000E-08,19.48
1733054989.0041158,+5.71200000E-08,19.48
1733054994.2899356,+5.38300000E-08,19.48
1733054999.5754464,+5.57200000E-08,19.48
1733055004.8612394,+5.47600000E-08,19.48
1733055010.1469476,+5.39700000E-08,19.48
1733055015.432583,+5.34000000E-08,19.49
1733055020.7182207,+5.32000000E-08,19.49
1733055026.003558,+5.50500000E-08,19.49
1733055031.2890139,+5.29600000E-08,19.5
1733055036.5743742,+5.37600000E-08,19.49
1733055041.859873,+5.19900000E-08,19.5
1733055047.1454344,+5.43600000E-08,19.5
1733055052.4311175,+5.41300000E-08,19.5
1733055057.7166107,+5.63300000E-08,19.51
1733055063.00237,+5.33100000E-08,19.51
1733055068.287963,+5.00600000E-08,19.51
1733055073.5739474,+5.51700000E-08,19.51
1733055078.8593438,+5.29300000E-08,19.52
1733055084.1452851,+5.47500000E-08,19.52
1733055089.4309669,+5.50900000E-08,19.51
1733055094.7166526,+5.15500000E-08,19.51
1733055100.0023398,+5.60100000E-08,19.51
1733055105.288034,+5.43900000E-08,19.52
1733055110.573697,+5.63500000E-08,19.52
1733055115.8593524,+5.47100000E-08,19.52
1733055121.1452844,+5.47300000E-08,19.52
1733055126.4310997,+5.30400000E-08,19.52
1733055131.7167778,+5.29400000E-08,19.52
1733055137.0027103,+5.29800000E-08,19.52
1733055142.2885218,+5.41700000E-08,19.52
1733055147.574208,+5.21300000E-08,19.52
1733055152.8597708,+5.44800000E-08,19.52
1733055158.1453314,+5.60100000E-08,19.52
1733055163.430657,+5.66100000E-08,19.53
1733055168.7160985,+5.74900000E-08,19.53
1733055174.0016513,+5.55500000E-08,19.53
1733055179.2870927,+5.12000000E-08,19.53
1733055184.5729134,+5.16300000E-08,19.53
1733055189.8581674,+5.45700000E-08,19.53
1733055195.1436632,+5.59000000E-08,19.53
1733055200.4292126,+5.40400000E-08,19.54
1733055205.7146564,+5.59300000E-08,19.53
1733055210.9999695,+5.22000000E-08,19.54
1733055216.285159,+5.55100000E-08,19.53
1733055221.57047,+5.55600000E-08,19.54
1733055226.8560398,+5.53200000E-08,19.54
1733055232.1415129,+5.53400000E-08,19.54
1733055237.4271617,+5.41100000E-08,19.55
1733055242.712483,+5.43000000E-08,19.54
1733055247.9978824,+5.48400000E-08,19.54
1733055253.283617,+5.52100000E-08,19.55
1733055258.569305,+5.33800000E-08,19.54
1733055263.8546197,+5.46900000E-08,19.55
1733055269.1398125,+5.39000000E-08,19.55
1733055274.4253771,+5.43100000E-08,19.55
1733055279.7108173,+5.34300000E-08,19.55
1733055284.9960063,+5.25900000E-08,19.55
1733055290.2813249,+5.35100000E-08,19.55
1733055295.566637,+5.34500000E-08,19.55
1733055300.8522036,+5.36800000E-08,19.55
1733055306.137788,+5.41300000E-08,19.55
1733055311.4232185,+5.53800000E-08,19.55
1733055316.7087882,+5.30400000E-08,19.55
1733055321.9939718,+5.51100000E-08,19.55
1733055327.27954,+5.42300000E-08,19.55
1733055332.5653625,+5.28500000E-08,19.55
1733055337.850423,+5.44200000E-08,19.55
1733055343.1357398,+5.75400000E-08,19.56
1733055348.4211848,+5.46500000E-08,19.57
1733055353.7068803,+5.35200000E-08,19.57
1733055358.9924405,+5.23300000E-08,19.57
1733055364.2782624,+5.30100000E-08,19.57
1733055369.5638356,+5.61600000E-08,19.58
1733055374.8497977,+5.26700000E-08,19.58
1733055380.1351004,+5.55800000E-08,19.59
1733055385.4211607,+5.23600000E-08,19.58
1733055390.7068567,+5.48200000E-08,19.58
1733055395.992804,+5.39600000E-08,19.59
1733055401.278492,+5.44000000E-08,19.59
1733055406.5643148,+5.60600000E-08,19.59
1733055411.8497865,+5.43500000E-08,19.59
1733055417.1352017,+5.64200000E-08,19.59
1733055422.421321,+5.31700000E-08,19.59
1733055427.7067184,+5.29000000E-08,19.59
1733055432.9924052,+5.36400000E-08,19.59
1733055438.278103,+5.46400000E-08,19.59
1733055443.5640445,+5.45700000E-08,19.6
1733055448.850015,+5.57300000E-08,19.59
1733055454.1358147,+5.39000000E-08,19.59
1733055459.421632,+5.47900000E-08,19.6
1733055464.7073221,+5.41500000E-08,19.6
1733055469.993143,+5.32400000E-08,19.6
1733055475.2790916,+5.52900000E-08,19.6
1733055480.5649068,+5.35400000E-08,19.6
1733055485.8507302,+5.35100000E-08,19.61
1733055491.1366782,+5.47200000E-08,19.6
1733055496.4227433,+5.13300000E-08,19.6
1733055501.7088146,+5.28600000E-08,19.6
1733055506.9946918,+5.61700000E-08,19.61
1733055512.2805815,+5.57600000E-08,19.61
1733055517.5665212,+5.59000000E-08,19.61
1733055522.8525949,+5.48600000E-08,19.61
1733055528.138662,+5.64800000E-08,19.61
1733055533.4244893,+5.60700000E-08,19.61
1733055538.7104285,+5.51400000E-08,19.61
1733055543.9965098,+5.61100000E-08,19.61
1733055549.282452,+5.40700000E-08,19.61
1733055554.5683994,+5.44400000E-08,19.62
1733055559.853842,+5.32200000E-08,19.61
1733055565.1390412,+5.44000000E-08,19.61
1733055570.4243636,+5.57500000E-08,19.61
1733055575.7095575,+5.42000000E-08,19.61
1733055580.9948776,+5.52400000E-08,19.61
1733055586.2804484,+5.46900000E-08,19.62
1733055591.5654,+5.56800000E-08,19.62
1733055596.850842,+5.39900000E-08,19.62
1733055602.1362722,+5.12300000E-08,19.62
1733055607.4216177,+5.20500000E-08,19.62
1733055612.7074382,+5.45400000E-08,19.62
1733055617.9930077,+5.60900000E-08,19.62
1733055623.2783296,+5.52100000E-08,19.62
1733055628.5640228,+5.80800000E-08,19.63
1733055633.849555,+5.48100000E-08,19.63
1733055639.1349223,+5.51600000E-08,19.63
1733055644.4206161,+5.53800000E-08,19.62
1733055649.7056925,+5.69100000E-08,19.62
1733055654.9910116,+5.47200000E-08,19.63
1733055660.2767127,+5.35700000E-08,19.63
1733055665.5624063,+5.49400000E-08,19.63
1733055670.8481042,+5.54500000E-08,19.63
1733055676.1335607,+5.55800000E-08,19.63
1733055681.4191263,+5.76200000E-08,19.63
1733055686.7045696,+5.58900000E-08,19.63
1733055691.9900115,+5.40500000E-08,19.63
1733055697.275468,+5.46400000E-08,19.63
1733055702.560925,+5.47300000E-08,19.63
1733055707.846372,+5.22000000E-08,19.63
1733055713.1319401,+5.50800000E-08,19.63
1733055718.417392,+5.34300000E-08,19.63
1733055723.7030885,+5.58300000E-08,19.63
1733055728.9886575,+5.15200000E-08,19.64
1733055734.274285,+5.38500000E-08,19.64
1733055739.559807,+5.54300000E-08,19.64
1733055744.8458736,+5.36000000E-08,19.64
1733055750.131457,+5.53400000E-08,19.63
1733055755.4174044,+5.43500000E-08,19.64
1733055760.7028482,+5.60000000E-08,19.64
1733055765.988301,+5.40500000E-08,19.65
1733055771.273633,+5.41500000E-08,19.65
1733055776.5595787,+5.68800000E-08,19.65
1733055781.8450248,+5.31800000E-08,19.65
1733055787.1306064,+5.29300000E-08,19.66
1733055792.4163046,+5.64200000E-08,19.65
1733055797.7017531,+5.17200000E-08,19.65
1733055802.9873269,+5.40500000E-08,19.65
1733055808.2730215,+5.73300000E-08,19.66
1733055813.5585957,+5.37600000E-08,19.66
1733055818.8441718,+5.26900000E-08,19.66
1733055824.1300004,+5.63900000E-08,19.66
1733055829.4155679,+5.64400000E-08,19.66
1733055834.701504,+5.46900000E-08,19.66
1733055839.9872155,+5.39100000E-08,19.66
1733055845.2730432,+5.43800000E-08,19.67
1733055850.55887,+5.55700000E-08,19.66
1733055855.8448236,+5.51700000E-08,19.66
1733055861.1305168,+5.66800000E-08,19.67
1733055866.416217,+5.40700000E-08,19.67
1733055871.701919,+5.75900000E-08,19.67
1733055876.9876142,+5.48900000E-08,19.66
1733055882.2733176,+5.48200000E-08,19.67
1733055887.5590146,+5.75400000E-08,19.67
1733055892.8448448,+5.37400000E-08,19.67
1733055898.1303,+5.60200000E-08,19.68
1733055903.4161215,+5.00600000E-08,19.68
1733055908.7020311,+5.63500000E-08,19.67
1733055913.987644,+5.32200000E-08,19.68
1733055919.273221,+5.63900000E-08,19.68
1733055924.5587978,+5.48700000E-08,19.69
1733055929.844248,+5.48400000E-08,19.68
1733055935.129992,+5.31200000E-08,19.68
1733055940.4156454,+5.53200000E-08,19.69
1733055945.7015016,+5.66600000E-08,19.68
1733055950.9871747,+5.47400000E-08,19.69
1733055956.273121,+5.69800000E-08,19.69
1733055961.5588853,+5.23000000E-08,19.69
1733055966.844522,+5.22100000E-08,19.69
1733055972.130603,+5.49700000E-08,19.69
1733055977.416555,+5.22600000E-08,19.69
1733055982.7025027,+5.48700000E-08,19.69
1733055987.988587,+5.36400000E-08,19.69
1733055993.274339,+5.42700000E-08,19.69
1733055998.5601063,+5.25100000E-08,19.7
1733056003.845938,+5.46300000E-08,19.7
1733056009.1315112,+5.44500000E-08,19.7
1733056014.4170845,+5.30100000E-08,19.71
1733056019.7026632,+5.31900000E-08,19.7
1733056024.9882402,+5.41100000E-08,19.7
1733056030.2738147,+5.67200000E-08,19.71
1733056035.559519,+5.52500000E-08,19.71
1733056040.8449638,+5.55500000E-08,19.71
1733056046.1309226,+5.43500000E-08,19.71
1733056051.4164958,+5.59100000E-08,19.71
1733056056.7023766,+5.42000000E-08,19.71
1733056061.9880288,+5.73400000E-08,19.71
1733056067.2737255,+5.50800000E-08,19.72
1733056072.559532,+5.44600000E-08,19.72
1733056077.8451273,+5.42200000E-08,19.73
1733056083.1307127,+5.42300000E-08,19.72
1733056088.4164042,+5.46900000E-08,19.73
1733056093.7023587,+5.58000000E-08,19.73
1733056098.9881828,+5.42900000E-08,19.73
1733056104.2737374,+5.45700000E-08,19.73
1733056109.5595865,+5.68300000E-08,19.73
1733056114.8456638,+5.60400000E-08,19.73
1733056120.1312153,+5.39700000E-08,19.73
1733056125.4173265,+5.49000000E-08,19.74
1733056130.7030165,+5.45200000E-08,19.73
1733056135.9888413,+5.43600000E-08,19.73
1733056141.2745254,+5.80700000E-08,19.73
1733056146.5603514,+5.36300000E-08,19.74
1733056151.8461986,+5.76100000E-08,19.74
1733056157.131773,+5.40600000E-08,19.74
1733056162.4173493,+5.58500000E-08,19.75
1733056167.703176,+5.48000000E-08,19.75
1733056172.9884915,+5.53000000E-08,19.75
1733056178.2743297,+5.48300000E-08,19.76
1733056183.56003,+5.54000000E-08,19.75
1733056188.8457558,+5.28100000E-08,19.76
1733056194.1311836,+5.47600000E-08,19.77
1733056199.4168837,+5.60000000E-08,19.77
1733056204.7024624,+5.48400000E-08,19.77
1733056209.9882908,+5.28900000E-08,19.77
1733056215.2739985,+5.32200000E-08,19.77
1733056220.559568,+5.61900000E-08,19.77
1733056225.8451495,+5.58300000E-08,19.77
1733056231.130973,+5.60500000E-08,19.77
1733056236.4169278,+5.47800000E-08,19.77
1733056241.7025063,+5.55500000E-08,19.78
1733056246.9882083,+5.53100000E-08,19.78
1733056252.2737956,+5.60700000E-08,19.78
1733056257.5593588,+5.58200000E-08,19.78
1733056262.8451924,+5.62400000E-08,19.78
1733056268.131017,+5.34600000E-08,19.78
1733056273.4165952,+5.41000000E-08,19.79
1733056278.7024782,+5.43600000E-08,19.79
1733056283.9884949,+5.47000000E-08,19.79
1733056289.2746992,+5.54100000E-08,19.8
1733056294.5609002,+5.59000000E-08,19.8
1733056299.846601,+5.43300000E-08,19.8
1733056305.1324346,+5.52000000E-08,19.8
1733056310.4181914,+5.56400000E-08,19.8
1733056315.7038424,+5.63900000E-08,19.8
1733056320.9897976,+5.06500000E-08,19.8
1733056326.2757478,+5.67500000E-08,19.82
1733056331.5620778,+5.58900000E-08,19.83
1733056336.848025,+5.51800000E-08,19.83
1733056342.1338573,+5.64800000E-08,19.84
1733056347.4195564,+5.54200000E-08,19.84
1733056352.705537,+5.88300000E-08,19.84
1733056357.9912133,+5.52100000E-08,19.85
1733056363.2771626,+5.40800000E-08,19.84
1733056368.563365,+5.44500000E-08,19.85
1733056373.8490689,+5.32800000E-08,19.84
1733056379.135274,+5.39100000E-08,19.86
1733056384.421102,+5.52500000E-08,19.86
1733056389.7070544,+5.43200000E-08,19.86
1733056394.9931378,+5.31300000E-08,19.86
1733056400.2793326,+5.70300000E-08,19.86
1733056405.565167,+5.42500000E-08,19.86
1733056410.8509922,+5.37200000E-08,19.87
1733056416.1368215,+5.62500000E-08,19.86
1733056421.422773,+5.52300000E-08,19.86
1733056426.7084787,+5.53900000E-08,19.86
1733056431.994179,+5.50000000E-08,19.87
1733056437.2800074,+5.16400000E-08,19.86
1733056442.5658522,+5.72700000E-08,19.87
1733056447.851914,+5.20300000E-08,19.88
1733056453.1378715,+5.37200000E-08,19.88
1733056458.4239495,+5.58200000E-08,19.87
1733056463.7097754,+5.46200000E-08,19.87
1733056468.9958506,+5.36600000E-08,19.87
1733056474.2818074,+5.21700000E-08,19.88
1733056479.5677617,+5.34900000E-08,19.88
1733056484.8537154,+5.66700000E-08,19.88
1733056490.1394143,+5.43000000E-08,19.88
1733056495.4252393,+5.34500000E-08,19.88
1733056500.7111957,+5.23500000E-08,19.88
1733056505.997022,+5.67000000E-08,19.88
1733056511.2828543,+5.70800000E-08,19.88
1733056516.568561,+5.55900000E-08,19.88
1733056521.854637,+5.53100000E-08,19.89
1733056527.140711,+5.88000000E-08,19.88
1733056532.4265397,+5.42800000E-08,19.88
1733056537.7126205,+5.62700000E-08,19.89
1733056542.9986386,+5.59100000E-08,19.88
1733056548.2845244,+5.18400000E-08,19.88
1733056553.5701673,+5.25300000E-08,19.89
1733056558.8554304,+5.66400000E-08,19.89
1733056564.1406329,+5.49800000E-08,19.89
1733056569.4260113,+5.24400000E-08,19.9
1733056574.711423,+5.53800000E-08,19.9
1733056579.9967425,+5.74800000E-08,19.9
1733056585.2822008,+5.71200000E-08,19.9
1733056590.567655,+5.51700000E-08,19.9
1733056595.853504,+5.38600000E-08,19.91
1733056601.1389344,+5.55000000E-08,19.91
1733056606.4243894,+5.30100000E-08,19.91
1733056611.709844,+5.37300000E-08,19.91
1733056616.9955494,+5.49000000E-08,19.91
1733056622.2810028,+5.36200000E-08,19.91
1733056627.5667014,+5.53100000E-08,19.91
1733056632.8522856,+5.43700000E-08,19.91
1733056638.1379874,+5.30600000E-08,19.92
1733056643.4236927,+5.66800000E-08,19.92
1733056648.7082286,+5.05900000E-08,19.92
1733056653.9946015,+4.87600000E-08,19.94
1733056659.2806046,+5.29300000E-08,19.94
1733056664.5663803,+5.00000000E-08,19.95
1733056669.8519533,+5.24300000E-08,19.95
1733056675.1374128,+5.22700000E-08,19.95
1733056680.4230008,+4.49700000E-08,19.95
1733056685.7088256,+5.22500000E-08,19.96
1733056690.9945204,+5.09900000E-08,19.96
1733056696.280231,+5.23600000E-08,19.96
1733056701.5658212,+5.50100000E-08,19.97
1733056706.8513854,+5.21200000E-08,19.98
1733056712.1368423,+4.89400000E-08,19.98
1733056717.422671,+5.05600000E-08,19.98
1733056722.7083716,+5.12400000E-08,19.98
1733056727.994076,+4.83700000E-08,19.98
1733056733.2799065,+4.90200000E-08,19.98
1733056738.5657516,+5.25600000E-08,19.98
1733056743.8515613,+5.45800000E-08,19.99
1733056749.1377687,+5.03100000E-08,19.98
1733056754.4232194,+5.62200000E-08,19.99
1733056759.7090445,+5.32600000E-08,19.99
1733056764.9950025,+5.49000000E-08,19.99
1733056770.2807055,+5.16300000E-08,19.99
1733056775.5662847,+4.66200000E-08,20.0
1733056780.852236,+5.00100000E-08,20.0
1733056786.1379337,+5.20600000E-08,20.0
1733056791.4236457,+5.21400000E-08,20.0
1733056796.7093573,+5.65200000E-08,20.0
1733056801.995435,+4.96000000E-08,20.0
1733056807.2811399,+5.11700000E-08,20.0
1733056812.5670965,+5.23400000E-08,20.0
1733056817.8530443,+5.05900000E-08,20.02
1733056823.1390004,+5.03500000E-08,20.02
1733056828.4247024,+5.17800000E-08,20.02
1733056833.7101564,+5.00100000E-08,20.02
1733056838.9957373,+4.98400000E-08,20.02
1733056844.28144,+5.71100000E-08,20.03
1733056849.5668926,+4.77000000E-08,20.04
1733056854.8524735,+5.63300000E-08,20.03
1733056860.1379304,+5.12900000E-08,20.03
1733056865.4235084,+5.00700000E-08,20.04
1733056870.709213,+5.14300000E-08,20.04
1733056875.9947953,+5.33800000E-08,20.04
1733056881.280618,+5.20500000E-08,20.04
1733056886.5660768,+4.31000000E-08,20.04
1733056891.8516529,+4.43200000E-08,20.05
1733056897.1376185,+4.94800000E-08,20.05
1733056902.4233172,+4.98100000E-08,20.05
1733056907.7095056,+4.98900000E-08,20.05
1733056912.9950995,+5.02400000E-08,20.05
1733056918.2811778,+5.15800000E-08,20.05
1733056923.5668302,+5.08500000E-08,20.05
1733056928.852838,+4.73600000E-08,20.05
1733056934.138796,+5.13800000E-08,20.06
1733056939.4248703,+5.15700000E-08,20.06
1733056944.7109542,+5.21100000E-08,20.06
1733056949.997033,+5.24300000E-08,20.07
1733056955.2828572,+5.41200000E-08,20.06
1733056960.5689385,+4.98300000E-08,20.06
1733056965.8550215,+5.04900000E-08,20.06
1733056971.14123,+5.36400000E-08,20.06
1733056976.427055,+5.16900000E-08,20.06
1733056981.7132652,+5.15900000E-08,20.08
1733056986.999216,+4.84900000E-08,20.08
1733056992.2851713,+5.14300000E-08,20.08
1733056997.5711255,+5.25000000E-08,20.08
1733057002.8573291,+4.93300000E-08,20.08
1733057008.1429079,+4.85000000E-08,20.09
1733057013.4287372,+5.02000000E-08,20.09
1733057018.7141926,+4.94100000E-08,20.09
1733057024.0003955,+5.21700000E-08,20.09
1733057029.2861614,+5.19100000E-08,20.1
1733057034.5721037,+5.32300000E-08,20.1
1733057039.858007,+5.32800000E-08,20.1
1733057045.144089,+5.01800000E-08,20.1
1733057050.4299178,+5.04200000E-08,20.1
1733057055.7161307,+4.86000000E-08,20.11
1733057061.0022047,+5.12700000E-08,20.11
1733057066.287912,+5.14300000E-08,20.11
1733057071.5738666,+5.20500000E-08,20.12
1733057076.8596995,+5.60500000E-08,20.13
1733057082.146424,+5.34900000E-08,20.13
1733057087.4323947,+5.14500000E-08,20.13
1733057092.718625,+4.30000000E-08,20.13
1733057098.0046,+5.50100000E-08,20.13
1733057103.2905781,+5.14700000E-08,20.14
1733057108.5769258,+4.88700000E-08,20.15
1733057113.863403,+5.50700000E-08,20.16
1733057119.1496222,+5.27900000E-08,20.16
1733057124.4354727,+4.93400000E-08,20.16
1733057129.721568,+5.16800000E-08,20.16
1733057135.0077944,+5.07100000E-08,20.16
1733057140.2940614,+5.24600000E-08,20.16
1733057145.5802393,+5.26100000E-08,20.18
1733057150.866339,+5.26000000E-08,20.18
1733057156.1524348,+5.14000000E-08,20.18
1733057161.4384117,+5.10200000E-08,20.19
1733057166.7247612,+5.36300000E-08,20.19
1733057172.0109842,+5.25400000E-08,20.19
1733057177.2969346,+5.23700000E-08,20.19
1733057182.5829084,+5.20400000E-08,20.2
1733057187.8690224,+5.35600000E-08,20.2
1733057193.1552482,+5.37300000E-08,20.2
1733057198.4415076,+5.32600000E-08,20.2
1733057203.7278192,+5.15400000E-08,20.2
1733057209.0137105,+4.96600000E-08,20.2
1733057214.2991288,+5.21800000E-08,20.2
1733057219.5848522,+4.92800000E-08,20.2
1733057224.870327,+5.21300000E-08,20.2
1733057230.1560228,+5.42400000E-08,20.2
1733057235.4421406,+5.69100000E-08,20.2
1733057240.7277384,+5.13600000E-08,20.2
1733057246.0136058,+5.11100000E-08,20.2
1733057251.2996902,+5.12400000E-08,20.2
1733057256.5855722,+5.17900000E-08,20.2
1733057261.871058,+4.93200000E-08,20.2
1733057267.156721,+5.28500000E-08,20.2
1733057272.4423766,+5.15800000E-08,20.19
1733057277.7285433,+4.91500000E-08,20.18
1733057283.0145133,+5.21900000E-08,20.18
1733057288.3002307,+5.01100000E-08,20.17
1733057293.5862045,+4.95300000E-08,20.17
1733057298.8721688,+4.91100000E-08,20.17
1733057304.1582594,+5.39600000E-08,20.17
1733057309.4443564,+5.52400000E-08,20.17
1733057314.7304485,+5.04600000E-08,20.17
1733057320.0166698,+5.14900000E-08,20.17
1733057325.3023934,+5.16600000E-08,20.17
1733057330.5882385,+5.36200000E-08,20.17
1733057335.8740778,+5.47200000E-08,20.17
1733057341.1599212,+5.22500000E-08,20.17
1733057346.4456491,+5.39100000E-08,20.17
1733057351.7314837,+5.19600000E-08,20.17
1733057357.0173125,+5.31800000E-08,20.17
1733057362.3030522,+5.18800000E-08,20.17
1733057367.5891206,+5.27900000E-08,20.17
1733057372.8750007,+5.32800000E-08,20.17
1733057378.1610847,+4.97700000E-08,20.17
1733057383.4470265,+5.59700000E-08,20.17
1733057388.7331197,+4.41700000E-08,20.17
1733057394.0192368,+5.39500000E-08,20.17
1733057399.3051796,+5.07000000E-08,20.17
1733057404.591045,+4.52200000E-08,20.17
1733057409.8771465,+5.16000000E-08,20.17
1733057415.1632338,+4.95800000E-08,20.18
1733057420.4493227,+5.34600000E-08,20.18
1733057425.735392,+5.21900000E-08,20.17
1733057431.0216455,+4.96900000E-08,20.18
1733057436.307602,+4.87200000E-08,20.17
1733057441.5935726,+5.10700000E-08,20.18
1733057446.8796387,+5.50500000E-08,20.18
1733057452.1661386,+5.88200000E-08,20.18
1733057457.452202,+5.07100000E-08,20.18
1733057462.7386875,+5.39900000E-08,20.18
1733057468.0247638,+4.87500000E-08,20.18
1733057473.3111236,+5.45200000E-08,20.18
1733057478.5969553,+5.60100000E-08,20.18
1733057483.8829272,+5.28800000E-08,20.18
1733057489.1690176,+5.07600000E-08,20.18
1733057494.4548607,+5.04200000E-08,20.18
1733057499.7408273,+5.00700000E-08,20.17
1733057505.0265436,+5.05400000E-08,20.17
1733057510.3125079,+5.43900000E-08,20.18
1733057515.598123,+5.64300000E-08,20.18
1733057520.884443,+5.08600000E-08,20.18
1733057526.170536,+5.15300000E-08,20.18
1733057531.4568782,+5.24700000E-08,20.18
1733057536.7429671,+5.46600000E-08,20.18
1733057542.0291805,+5.04600000E-08,20.18
1733057547.31503,+5.02400000E-08,20.18
1733057552.6013665,+5.28100000E-08,20.18
1733057557.887209,+5.06800000E-08,20.18
1733057563.1731896,+5.03600000E-08,20.19
1733057568.4592643,+5.11800000E-08,20.19
1733057573.7453535,+5.33100000E-08,20.19
1733057579.03119,+5.17100000E-08,20.19
1733057584.3174088,+5.37100000E-08,20.19
1733057589.6036224,+5.33700000E-08,20.19
1733057594.8898416,+4.94800000E-08,20.2
1733057600.1756759,+5.58000000E-08,20.2
1733057605.4619796,+5.44200000E-08,20.2
1733057610.748103,+5.19900000E-08,20.2
1733057616.0343766,+5.07000000E-08,20.2
1733057621.3206637,+5.25400000E-08,20.2
1733057626.6068766,+5.15800000E-08,20.2
1733057631.893096,+5.42300000E-08,20.2
1733057637.1790612,+5.42700000E-08,20.2
1733057642.4650247,+5.17600000E-08,20.21
1733057647.750989,+5.18200000E-08,20.21
1733057653.0370805,+5.38900000E-08,20.22
1733057658.3229182,+5.00700000E-08,20.22
1733057663.6088824,+5.17500000E-08,20.22
1733057668.8950996,+5.28200000E-08,20.22
1733057674.1814358,+5.13500000E-08,20.23
1733057679.4675257,+4.96100000E-08,20.23
1733057684.7536163,+5.61700000E-08,20.22
1733057690.039702,+4.55100000E-08,20.23
1733057695.3257563,+5.42400000E-08,20.23
1733057700.6116297,+5.11500000E-08,20.23
1733057705.8979738,+5.17000000E-08,20.23
1733057711.1840599,+5.41200000E-08,20.23
1733057716.4701414,+5.08800000E-08,20.23
1733057721.7562394,+5.01900000E-08,20.23
1733057727.0422034,+5.30700000E-08,20.23
1733057732.3284183,+5.13200000E-08,20.24
1733057737.6145089,+5.30300000E-08,20.24
1733057742.900724,+5.50100000E-08,20.24
1733057748.1865597,+5.17900000E-08,20.25
1733057753.4725263,+4.99200000E-08,20.25
1733057758.7587364,+4.66600000E-08,20.25
1733057764.0453296,+5.50100000E-08,20.26
1733057769.331664,+5.31300000E-08,20.25
1733057774.6180665,+5.22800000E-08,20.25
1733057779.904218,+5.80000000E-08,20.26
1733057785.1904867,+5.62500000E-08,20.26
1733057790.4768977,+4.91400000E-08,20.26
1733057795.7634099,+4.96100000E-08,20.26
1733057801.0494432,+5.19400000E-08,20.27
1733057806.3356636,+5.15800000E-08,20.27
1733057811.622057,+5.31400000E-08,20.27
1733057816.9080877,+5.17600000E-08,20.27
1733057822.1941786,+5.29400000E-08,20.28
1733057827.4801428,+5.26000000E-08,20.27
1733057832.7664163,+5.07300000E-08,20.28
1733057838.0525715,+5.17800000E-08,20.28
1733057843.3387816,+5.27000000E-08,20.29
1733057848.6247427,+5.40200000E-08,20.28
1733057853.91071,+5.64100000E-08,20.28
1733057859.197175,+5.06100000E-08,20.28
1733057864.4835126,+5.46300000E-08,20.29
1733057869.7698448,+4.79600000E-08,20.29
1733057875.0561829,+5.40700000E-08,20.29
1733057880.342524,+5.02000000E-08,20.29
1733057885.6288612,+5.59100000E-08,20.29
1733057890.915199,+5.40600000E-08,20.3
1733057896.2017941,+5.52500000E-08,20.3
1733057901.4881294,+5.47100000E-08,20.3
1733057906.774215,+5.27500000E-08,20.3
1733057912.0604272,+5.20100000E-08,20.3
1733057917.3466427,+5.20500000E-08,20.3
1733057922.6333523,+5.48900000E-08,20.3
1733057927.9199414,+4.70400000E-08,20.31
1733057933.2064033,+4.79100000E-08,20.3
1733057938.4929943,+5.24800000E-08,20.3
1733057943.7795832,+4.96700000E-08,20.31
1733057949.066044,+5.24700000E-08,20.32
1733057954.352781,+4.94700000E-08,20.32
1733057959.6392205,+5.36900000E-08,20.32
1733057964.9256876,+5.26100000E-08,20.32
1733057970.21189,+4.51400000E-08,20.33
1733057975.4986057,+4.71500000E-08,20.32
1733057980.7849426,+4.87400000E-08,20.33
1733057986.0715294,+5.08700000E-08,20.34
1733057991.3577557,+5.23700000E-08,20.34
1733057996.6444523,+5.39000000E-08,20.34
1733058001.9306755,+4.66400000E-08,20.34
1733058007.217383,+5.06100000E-08,20.34
1733058012.5039775,+5.37700000E-08,20.34
1733058017.7903335,+4.68300000E-08,20.34
1733058023.0767708,+5.04800000E-08,20.34
1733058028.363107,+5.63300000E-08,20.34
1733058033.649582,+5.15200000E-08,20.34
1733058038.9360332,+5.35800000E-08,20.35
1733058044.2222133,+5.03900000E-08,20.35
1733058049.5084558,+5.09500000E-08,20.36
1733058054.7945375,+5.05800000E-08,20.36
1733058060.0808768,+5.94100000E-08,20.36
1733058065.3672185,+5.31800000E-08,20.36
1733058070.6538923,+5.38100000E-08,20.36
1733058075.9400134,+5.64600000E-08,20.37
1733058081.2264757,+6.04000000E-08,20.37
1733058086.5124445,+5.04900000E-08,20.37
1733058091.7988992,+5.94200000E-08,20.37
1733058097.084868,+4.82100000E-08,20.38
1733058102.371204,+4.62100000E-08,20.38
1733058107.6571677,+5.64400000E-08,20.38
1733058112.943508,+4.99000000E-08,20.38
1733058118.2296925,+5.24600000E-08,20.38
1733058123.5159297,+4.86000000E-08,20.38
1733058128.801948,+4.52600000E-08,20.42
1733058134.0874796,+5.79500000E-08,20.43
1733058139.3725607,+5.69200000E-08,20.43
1733058144.658171,+5.09600000E-08,20.44
1733058149.9429872,+5.20600000E-08,20.45
1733058155.2280772,+4.83800000E-08,20.45
1733058160.5130396,+5.60900000E-08,20.45
1733058165.7983057,+5.05200000E-08,20.46
1733058171.0834644,+5.20800000E-08,20.47
1733058176.3688028,+5.11800000E-08,20.46
1733058181.6541579,+5.41900000E-08,20.47
1733058186.9396017,+5.18600000E-08,20.48
1733058192.2248118,+5.00200000E-08,20.48
1733058197.5101535,+5.11000000E-08,20.48
1733058202.7954855,+5.25000000E-08,20.48
1733058208.0807023,+5.06000000E-08,20.49
1733058213.3657868,+5.37700000E-08,20.49
1733058218.6511233,+4.89300000E-08,20.49
1733058223.9364612,+5.56400000E-08,20.5
1733058229.2215457,+5.07600000E-08,20.51
1733058234.5067606,+5.18700000E-08,20.52
1733058239.792091,+5.48100000E-08,20.52
1733058245.077308,+5.43100000E-08,20.52
1733058250.3623896,+5.46700000E-08,20.53
1733058255.6481097,+5.00300000E-08,20.52
1733058260.933196,+5.13700000E-08,20.53
1733058266.2185247,+5.08700000E-08,20.54
1733058271.50399,+5.15900000E-08,20.54
1733058276.7893305,+5.28100000E-08,20.54
1733058282.0747917,+4.88300000E-08,20.54
1733058287.360128,+5.10400000E-08,20.54
1733058292.6455536,+5.05000000E-08,20.55
1733058297.9310575,+5.35100000E-08,20.55
1733058303.2163897,+4.57000000E-08,20.56
1733058308.5018513,+4.64400000E-08,20.56
1733058313.7871902,+5.06800000E-08,20.56
1733058319.072775,+4.93600000E-08,20.57
1733058324.3581467,+5.05300000E-08,20.56
1733058329.643571,+5.10300000E-08,20.57
1733058334.9287865,+4.93300000E-08,20.57
1733058340.2144918,+5.65600000E-08,20.58
1733058345.4997044,+5.29900000E-08,20.57
1733058350.785045,+5.23500000E-08,20.58
1733058356.0703824,+5.09100000E-08,20.59
1733058361.3558438,+5.20500000E-08,20.59
1733058366.6411788,+4.57200000E-08,20.59
1733058371.9265397,+5.22000000E-08,20.59
1733058377.2122319,+5.14300000E-08,20.59
1733058382.497691,+5.15200000E-08,20.59
1733058387.7831516,+5.18500000E-08,20.6
1733058393.068742,+5.34100000E-08,20.6
1733058398.3543248,+5.55900000E-08,20.61
1733058403.639661,+5.34800000E-08,20.61
1733058408.924872,+5.16600000E-08,20.61
1733058414.2100863,+5.66100000E-08,20.62
1733058419.4953885,+4.86200000E-08,20.62
1733058424.7807252,+5.14600000E-08,20.63
1733058430.0660357,+5.22100000E-08,20.63
1733058435.3513029,+5.23000000E-08,20.63
1733058440.636769,+5.28600000E-08,20.63
1733058445.922125,+5.26800000E-08,20.63
1733058451.2073174,+5.34700000E-08,20.63
1733058456.4926503,+5.22700000E-08,20.65
1733058461.7778652,+5.25100000E-08,20.65
1733058467.0633202,+5.40700000E-08,20.66
1733058472.3487792,+5.42200000E-08,20.66
1733058477.6338687,+5.39100000E-08,20.66
1733058482.9195778,+5.14700000E-08,20.66
1733058488.2049174,+5.20300000E-08,20.66
1733058493.4905043,+5.10000000E-08,20.66
1733058498.775964,+5.37000000E-08,20.67
1733058504.061299,+5.05000000E-08,20.66
1733058509.3467577,+5.33400000E-08,20.67
1733058514.6324782,+5.15000000E-08,20.67
1733058519.9180624,+5.33500000E-08,20.68
1733058525.2037704,+5.29200000E-08,20.68
1733058530.4893537,+5.03200000E-08,20.68
1733058535.7750692,+5.04800000E-08,20.68
1733058541.060403,+5.21700000E-08,20.68
1733058546.3462963,+5.50400000E-08,20.68
1733058551.6317017,+5.36300000E-08,20.68
1733058556.9174163,+5.36400000E-08,20.68
1733058562.2028828,+5.43000000E-08,20.68
1733058567.4882147,+5.32300000E-08,20.68
1733058572.7737198,+5.43600000E-08,20.69
1733058578.0593805,+5.24300000E-08,20.68
1733058583.3449657,+5.18600000E-08,20.68
1733058588.6304362,+5.42100000E-08,20.69
1733058593.916136,+5.35200000E-08,20.69
1733058599.2022703,+5.07400000E-08,20.69
1733058604.487814,+5.70500000E-08,20.69
1733058609.773273,+5.38900000E-08,20.69
1733058615.0589876,+5.38600000E-08,20.69
1733058620.3443232,+5.58700000E-08,20.7
1733058625.629907,+5.36500000E-08,20.7
1733058630.9154906,+5.29600000E-08,20.7
1733058636.200952,+4.90200000E-08,20.7
1733058641.4865363,+5.50600000E-08,20.7
1733058646.7719984,+5.33600000E-08,20.7
1733058652.0572076,+5.16200000E-08,20.7
1733058657.3428006,+5.16700000E-08,20.7
1733058662.6282544,+5.08300000E-08,20.7
1733058667.913846,+5.36000000E-08,20.7
1733058673.1996818,+5.24500000E-08,20.7
1733058678.4852667,+5.24100000E-08,20.7
1733058683.7709765,+5.66000000E-08,20.7
1733058689.056563,+4.96300000E-08,20.7
1733058694.3422718,+5.11800000E-08,20.7
1733058699.6279836,+5.45300000E-08,20.7
1733058704.9138172,+5.40500000E-08,20.7
1733058710.1992793,+5.22300000E-08,20.71
1733058715.4843607,+5.41300000E-08,20.71
1733058720.7695775,+5.15800000E-08,20.71
1733058726.0549097,+5.30100000E-08,20.71
1733058731.340624,+5.18400000E-08,20.71
1733058736.6258748,+5.27500000E-08,20.71
1733058741.911288,+5.03400000E-08,20.73
1733058747.1967483,+5.32000000E-08,20.72
1733058752.4822152,+5.49100000E-08,20.72
1733058757.7677977,+5.59200000E-08,20.72
1733058763.0533845,+5.42500000E-08,20.72
1733058768.3388457,+5.04200000E-08,20.72
1733058773.6242487,+5.21200000E-08,20.72
1733058778.9100628,+5.35200000E-08,20.72
1733058784.1958575,+5.17400000E-08,20.72
1733058789.4815705,+5.24300000E-08,20.71
1733058794.7671504,+5.07600000E-08,20.72
1733058800.05286,+5.12800000E-08,20.71
1733058805.3384433,+5.43200000E-08,20.72
1733058810.6241543,+5.48800000E-08,20.71
1733058815.9097486,+5.10100000E-08,20.71
1733058821.195449,+5.25100000E-08,20.71
1733058826.4809093,+5.54100000E-08,20.71
1733058831.7664964,+5.21400000E-08,20.71
1733058837.0522087,+5.30600000E-08,20.71
1733058842.3380432,+5.25000000E-08,20.71
1733058847.6236265,+5.28100000E-08,20.7
1733058852.9093502,+5.30500000E-08,20.7
1733058858.1948051,+5.41300000E-08,20.7
1733058863.4805133,+5.30100000E-08,20.7
1733058868.7660997,+5.32300000E-08,20.7
1733058874.051812,+5.05000000E-08,20.7
1733058879.3373718,+5.12400000E-08,20.7
1733058884.6229796,+5.03100000E-08,20.7
1733058889.9081655,+5.52900000E-08,20.7
1733058895.193549,+5.59300000E-08,20.7
1733058900.4788659,+5.69900000E-08,20.7
1733058905.7644465,+4.87300000E-08,20.7
1733058911.0496774,+5.11700000E-08,20.7
1733058916.3349974,+5.00900000E-08,20.7
1733058921.6205792,+5.38600000E-08,20.7
1733058926.9059174,+5.21900000E-08,20.7
1733058932.1913795,+4.94700000E-08,20.7
1733058937.4768388,+5.15300000E-08,20.7
1733058942.7624226,+5.02700000E-08,20.7
1733058948.048262,+4.94800000E-08,20.7
1733058953.333715,+5.36500000E-08,20.7
1733058958.6194336,+5.66800000E-08,20.7
1733058963.905138,+5.14500000E-08,20.7
1733058969.1908498,+4.97200000E-08,20.7
1733058974.476439,+4.96400000E-08,20.7
1733058979.762148,+5.25600000E-08,20.7
1733058985.0477328,+5.18600000E-08,20.7
1733058990.3334432,+5.33000000E-08,20.7
1733058995.6194024,+5.20600000E-08,20.69
1733059000.9053657,+5.21100000E-08,20.7
1733059006.190946,+5.40000000E-08,20.7
1733059011.4769084,+5.43500000E-08,20.7
1733059016.762497,+5.00300000E-08,20.7
1733059022.04846,+5.33800000E-08,20.7
1733059027.3341684,+5.01700000E-08,20.7
1733059032.6196241,+5.35600000E-08,20.7
1733059037.9051108,+5.30400000E-08,20.7
1733059043.1908011,+5.34600000E-08,20.7
1733059048.4762595,+5.08100000E-08,20.7
1733059053.7621646,+5.12900000E-08,20.7
1733059059.047934,+5.12400000E-08,20.7
1733059064.3336482,+5.12000000E-08,20.7
1733059069.6193557,+5.11700000E-08,20.7
1733059074.905317,+5.18300000E-08,20.7
1733059080.1908982,+5.07000000E-08,20.7
1733059085.4767315,+5.42400000E-08,20.7
1733059090.762571,+5.48600000E-08,20.7
1733059096.0485325,+5.16900000E-08,20.7
1733059101.3346121,+5.31200000E-08,20.7
1733059106.6200738,+5.16400000E-08,20.7
1733059111.9059072,+5.25200000E-08,20.7
1733059117.1919904,+5.00200000E-08,20.7
1733059122.4777148,+5.37000000E-08,20.7
1733059127.763979,+5.40800000E-08,20.7
1733059133.0498729,+5.18300000E-08,20.7
1733059138.3360245,+5.27800000E-08,20.7
1733059143.622288,+5.41200000E-08,20.7
1733059148.9085574,+5.11300000E-08,20.7
1733059154.194569,+5.17900000E-08,20.7
1733059159.4805794,+5.42400000E-08,20.7
1733059164.7668548,+5.33800000E-08,20.7
1733059170.0528646,+5.44000000E-08,20.7
1733059175.338626,+5.24100000E-08,20.7
1733059180.624177,+5.17200000E-08,20.7
1733059185.9093864,+5.11000000E-08,20.7
1733059191.1948905,+5.23100000E-08,20.7
1733059196.4803913,+5.14100000E-08,20.71
1733059201.7660396,+4.88800000E-08,20.71
1733059207.0516424,+5.27200000E-08,20.72
1733059212.337276,+4.95300000E-08,20.71
1733059217.6227665,+5.12400000E-08,20.73
1733059222.9082646,+5.43500000E-08,20.72
1733059228.1939034,+5.25300000E-08,20.72
1733059233.4796221,+5.20900000E-08,20.72
1733059238.7652395,+5.38700000E-08,20.73
1733059244.0508547,+5.42500000E-08,20.72
1733059249.3367245,+5.65100000E-08,20.72
1733059254.622208,+5.26900000E-08,20.72
1733059259.9081962,+5.19300000E-08,20.73
1733059265.1938305,+5.14700000E-08,20.73
1733059270.4796622,+5.45000000E-08,20.73
1733059275.7653959,+5.02400000E-08,20.73
1733059281.0512483,+5.27900000E-08,20.72
1733059286.3369842,+5.04000000E-08,20.73
1733059291.6228335,+5.28800000E-08,20.72
1733059296.9083097,+5.25600000E-08,20.72
1733059302.1939116,+5.14400000E-08,20.73
1733059307.4795103,+5.65100000E-08,20.73
1733059312.765485,+5.12300000E-08,20.73
1733059318.0512064,+5.18200000E-08,20.73
1733059323.3368092,+5.09300000E-08,20.73
1733059328.6223984,+5.04400000E-08,20.72
1733059333.9081218,+5.34600000E-08,20.73
1733059339.1938512,+5.55900000E-08,20.73
1733059344.4794235,+5.17000000E-08,20.72
1733059349.7651405,+5.12000000E-08,20.73
1733059355.0506086,+5.50900000E-08,20.73
1733059360.3364434,+5.20600000E-08,20.72
1733059365.6213424,+5.05300000E-08,20.72
1733059370.9073677,+4.90200000E-08,20.72
1733059376.1930757,+4.51900000E-08,20.73
1733059381.4786587,+5.23900000E-08,20.72
1733059386.764239,+5.39800000E-08,20.72
1733059392.0499408,+5.35300000E-08,20.72
1733059397.3353422,+5.30300000E-08,20.72
1733059402.6213572,+5.49000000E-08,20.72
1733059407.9066875,+5.04400000E-08,20.72
1733059413.192636,+5.44700000E-08,20.72
1733059418.478217,+5.38700000E-08,20.73
1733059423.7637923,+5.13800000E-08,20.73
1733059429.0493693,+4.95100000E-08,20.73
1733059434.335063,+5.42500000E-08,20.73
1733059439.6206384,+5.20400000E-08,20.73
1733059444.906336,+4.81100000E-08,20.73
1733059450.1919644,+4.94600000E-08,20.73
1733059455.47766,+5.66000000E-08,20.73
1733059460.763294,+4.92200000E-08,20.73
1733059466.0488656,+5.03900000E-08,20.73
1733059471.3346834,+4.79700000E-08,20.73
1733059476.6203687,+5.32400000E-08,20.73
1733059481.906062,+5.27100000E-08,20.73
1733059487.1918788,+5.05200000E-08,20.73
1733059492.4773164,+5.23900000E-08,20.73
1733059497.763134,+5.11600000E-08,20.73
1733059503.0488212,+5.49800000E-08,20.73
1733059508.3347552,+4.92500000E-08,20.73
1733059513.620691,+5.50100000E-08,20.73
1733059518.906626,+5.38600000E-08,20.73
1733059524.1924338,+5.26100000E-08,20.73
1733059529.4780974,+5.57500000E-08,20.73
1733059534.763926,+5.20000000E-08,20.73
1733059540.049856,+5.16900000E-08,20.73
1733059545.3356621,+5.24300000E-08,20.73
1733059550.6213422,+5.57900000E-08,20.73
1733059555.9072733,+5.28000000E-08,20.74
1733059561.1930723,+4.93900000E-08,20.74
1733059566.478878,+5.29700000E-08,20.74
1733059571.765061,+5.39100000E-08,20.74
1733059577.050731,+5.51600000E-08,20.74
1733059582.3365316,+4.96900000E-08,20.74
1733059587.622331,+4.97400000E-08,20.74
1733059592.908263,+5.36000000E-08,20.74
1733059598.1939335,+5.33200000E-08,20.74
1733059603.47973,+4.26800000E-08,20.77
1733059608.7653985,+5.26100000E-08,20.77
1733059614.0512023,+4.76900000E-08,20.78
1733059619.336872,+5.96000000E-08,20.79
1733059624.6224124,+5.11300000E-08,20.79
1733059629.9078345,+5.13600000E-08,20.8
1733059635.1937554,+5.52200000E-08,20.8
1733059640.4794247,+4.92500000E-08,20.8
1733059645.7650886,+4.86500000E-08,20.81
1733059651.0507565,+5.25100000E-08,20.82
1733059656.3365493,+5.17900000E-08,20.83
1733059661.6219869,+4.80800000E-08,20.84
1733059666.90762,+4.97400000E-08,20.84
1733059672.19342,+4.88100000E-08,20.84
1733059677.479085,+4.81600000E-08,20.84
1733059682.7651212,+4.68600000E-08,20.85
1733059688.0510328,+5.53100000E-08,20.85
1733059693.3368247,+5.14900000E-08,20.87
1733059698.6226096,+5.22600000E-08,20.87
1733059703.9085212,+5.27600000E-08,20.87
1733059709.1944296,+5.47500000E-08,20.88
1733059714.4802158,+4.85900000E-08,20.88
1733059719.766267,+4.34300000E-08,20.89
1733059725.0521567,+5.05800000E-08,20.9
1733059730.3379397,+5.34800000E-08,20.9
1733059735.6237226,+4.84900000E-08,20.9
1733059740.9096315,+5.72200000E-08,20.9
1733059746.1957917,+5.39700000E-08,20.91
1733059751.4817033,+4.32200000E-08,20.91
1733059756.767605,+5.02800000E-08,20.91
1733059762.0533805,+5.13800000E-08,20.91
1733059767.3392866,+5.52600000E-08,20.93
1733059772.625317,+4.86800000E-08,20.93
1733059777.9112184,+5.44500000E-08,20.93
1733059783.197121,+4.78400000E-08,20.93
1733059788.483024,+4.76300000E-08,20.94
1733059793.7686782,+5.65200000E-08,20.94
1733059799.0547056,+5.37700000E-08,20.94
1733059804.340237,+4.78900000E-08,20.94
1733059809.626388,+5.46300000E-08,20.93
1733059814.9120386,+4.85600000E-08,20.94
1733059820.197785,+4.75700000E-08,20.94
1733059825.483458,+4.67100000E-08,20.94
1733059830.7693546,+5.20900000E-08,20.94
1733059836.0551286,+5.25400000E-08,20.94
1733059841.3410273,+5.32200000E-08,20.95
1733059846.6265504,+5.54200000E-08,20.95
1733059851.9125745,+5.32100000E-08,20.95
1733059857.1982205,+5.28100000E-08,20.95
1733059862.4842427,+4.81600000E-08,20.95
1733059867.7700043,+5.39600000E-08,20.95
1733059873.0556593,+4.65600000E-08,20.95
1733059878.3415594,+5.23500000E-08,20.95
1733059883.6272018,+5.10700000E-08,20.95
1733059888.912972,+5.62300000E-08,20.95
1733059894.198682,+4.28200000E-08,20.95
1733059899.4846358,+5.20600000E-08,20.95
1733059904.7706501,+5.17600000E-08,20.95
1733059910.0567956,+5.55900000E-08,20.96
1733059915.3425643,+5.43900000E-08,20.96
1733059920.6287117,+3.82200000E-08,20.96
1733059925.9145377,+4.90600000E-08,20.96
1733059931.2006228,+5.40300000E-08,20.97
1733059936.4865084,+5.20900000E-08,20.97
1733059941.7720258,+5.40000000E-08,20.97
1733059947.0574205,+5.65200000E-08,20.97
1733059952.3428679,+5.59000000E-08,20.98
1733059957.6284404,+5.01100000E-08,20.98
1733059962.9139833,+5.43600000E-08,20.98
1733059968.1997287,+5.25800000E-08,20.98
1733059973.4852388,+5.09100000E-08,20.98
1733059978.7706301,+5.14900000E-08,20.98
1733059984.0562682,+4.97300000E-08,20.98
1733059989.3419065,+5.13800000E-08,20.98
1733059994.627397,+5.14200000E-08,20.98
1733059999.913057,+5.37000000E-08,20.98
1733060005.1984406,+4.94100000E-08,20.98
1733060010.484201,+5.29900000E-08,20.98
1733060015.7696097,+5.38500000E-08,20.99
1733060021.0550992,+5.30400000E-08,20.99
1733060026.3406124,+5.38100000E-08,20.99
1733060031.626177,+5.22200000E-08,20.99
1733060036.911879,+5.25000000E-08,21.0
1733060042.1977797,+5.48800000E-08,21.0
1733060047.4837804,+5.57600000E-08,21.0
1733060052.7694144,+5.06400000E-08,21.0
1733060058.055293,+5.58500000E-08,21.0
1733060063.340805,+5.52800000E-08,21.0
1733060068.6268084,+5.27700000E-08,21.0
1733060073.9123888,+5.33700000E-08,21.01
1733060079.1987026,+5.05100000E-08,21.0
